Title,Link
Prothom Alo,https://www.allbanglanewspaper.co/prothom-alo/
bd pratidin,https://www.allbanglanewspaper.co/bd-pratidin/
Jugantor,https://www.allbanglanewspaper.co/jugantor/
Kaler Kantho,https://www.allbanglanewspaper.co/kaler-kantho/
Daily Inqilab,https://www.allbanglanewspaper.co/daily-inqilab/
Ittefaq,https://www.ittefaq.com.bd/?ref=allbanglanewspaper.co
mzamin,https://www.allbanglanewspaper.co/mzamin/
Daily Nayadiganta,https://www.allbanglanewspaper.co/daily-naya-diganta/
Samakal,https://www.allbanglanewspaper.co/samakal/
Daily Jana Kantha,https://www.allbanglanewspaper.co/daily-janakantha/
Desh Rupantor,https://www.allbanglanewspaper.co/desh-rupantor/
Amar Sangbad,https://www.allbanglanewspaper.co/amar-sangbad/
Manob Kantha,https://www.allbanglanewspaper.co/manobkantha/
Odhikar News,https://www.allbanglanewspaper.co/odhikar-news/
Jai Jai Din,https://www.allbanglanewspaper.co/jaijaidin/
Bhorer Kagoj,https://www.bhorerkagoj.com/?ref=allbanglanewspaper.co
The Daily Sangram,http://www.dailysangram.com/?ref=allbanglanewspaper.co
Dainik Amader Shomoy,http://www.dainikamadershomoy.com/?ref=allbanglanewspaper.co
Amar Desh,https://www.allbanglanewspaper.co/amar-desh/
Alokito Bangladesh,https://www.allbanglanewspaper.co/alokito-bangladesh/
Protidiner Sangbad,https://www.allbanglanewspaper.co/protidiner-sangbad/
Daily Dinkal,https://www.allbanglanewspaper.co/daily-dinkal/
Bhorer Dak,https://www.allbanglanewspaper.co/bhorer-dak/
Bangladesher Khabor,https://www.allbanglanewspaper.co/bangladesher-khabor/
Amrita Bazar,https://www.allbanglanewspaper.co/amrita-bazar-patrika/
The sangbad,https://www.allbanglanewspaper.co/the-sangbad/
Khola Kagoj bd,https://www.allbanglanewspaper.co/khola-kagoj/
Daily Vorer Pata,https://www.allbanglanewspaper.co/daily-vorer-pata/
Shomoyer Alo,https://www.allbanglanewspaper.co/shomoyer-alo/
Dainik Destiny,https://www.allbanglanewspaper.co/dainik-destiny/
Ajkaler Khobor,https://www.allbanglanewspaper.co/ajkaler-khobor/
Bonik Barta,https://www.allbanglanewspaper.co/bonik-barta/
Naya Shatabdi,https://www.nayashatabdi.com/
Dainik Sakalbela,https://www.allbanglanewspaper.co/dainik-sakalbela/
The Daily Sangbad Konika,https://www.allbanglanewspaper.co/sangbad-konika/
Dainik Jagran,https://www.allbanglanewspaper.co/daily-jagaran/
Ajker Patrika,https://www.allbanglanewspaper.co/ajker-patrika/
Dainik Janata,https://www.allbanglanewspaper.co/dainik-janata/
Hazarika Pratidin,https://www.allbanglanewspaper.co/hazarika-pratidin/
Somoyer Kantha,https://www.allbanglanewspaper.co/somoyer-kantha/
Daily Nabochatona,https://www.allbanglanewspaper.co/daily-nabochatona/
Daily Sangbad Chorcha,https://www.allbanglanewspaper.co/daily-sangbadchorcha/
Dhaka Protidin,https://www.allbanglanewspaper.co/dhaka-protidin/
Dhakar Dak,https://www.allbanglanewspaper.co/dhakar-dak/
Sorejomin Barta,https://www.allbanglanewspaper.co/sorejomin-barta/
Natun-Barta,https://www.allbanglanewspaper.co/natun-barta/
Daily Bartoman,https://www.allbanglanewspaper.co/daily-bartoman/
Daily Agnishikha,https://www.allbanglanewspaper.co/daily-agnishikha/
Daily Notun Vor,https://www.allbanglanewspaper.co/daily-notunvor/
Khobor Patra,https://www.allbanglanewspaper.co/khobor-patra/
Daily Alokito Sakal,https://www.allbanglanewspaper.co/daily-alokito-sakal/
Agamir Shomoy,https://www.allbanglanewspaper.co/agamir-shomoy/
Kalbela,https://kalbela.com/
Daily Jubokantho,https://www.allbanglanewspaper.co/daily-jubokantho/
Swadesh Pratidin,https://www.swadeshpratidin.com/
Delta Times 24,https://www.allbanglanewspaper.co/delta-times-24/
Bijoy Bangladesh,https://bijoybangladesh.com/
Somoyer Dhara,https://www.allbanglanewspaper.co/somoyer-dhara/
Daily Gonokantho,http://www.gonokantho.com/
Shampratik Deshkal,http://shampratikdeshkal.com/
Daily Amar Somoy,https://www.dailyamarsomoy.com/
Daily Sokaler Somoyy,https://www.dailysokalersomoy.com/
Daily Tritiya Matra,https://www.tritiyamatra.com/
Daily Ajker Darpon,https://ajkerdarpon.com/
Bhorer Somoy,https://bhorersomoy.com/
Daily Desh Barta,https://dailydeshbarta.com.bd/
Daily Ajkerprottasha,https://ajkerprottasha.com/
Amader Odhikar,https://amaderodhikar.net/
Daily Asia Bani,https://dailyasiabani.com/
Daily Swadhin Bangla,https://dailyswadhinbangla.com/
Amader Notun Shomoy,https://amadernotunshomoy.com/
Daily Muktakhabar,https://muktakhabar.net/
Daily Ganomukti,https://dailyganomukti.com/
Dainik Bangla,https://dainikbangla.com/
Prothom Surjadoy,https://prothomsurjadoy.com/
Daily Bhorer Darpan,https://www.bhorerdarpan.com/
Daily Uttara News,https://www.uttaranews24.com/
Ajker Ograbani,https://ajkerograbani.com/
Kaler Alo,http://www.kaleralo.com/
Bangla Kagoj,https://www.banglakagoj.com/
Dainik Jago Janata,http://dainikjagojanata.com/
Banglar Chokh,https://banglarchokhnews.com/
Dainik Alokito Desh,http://dainikalokitodesh.com/
Dainik Jobabdihi,https://jobabdihi.com/
Amader Kantha,https://www.amaderkantha.com/
Lakho Kantho,http://lakhokantho.com/

# All Online Newspapers
-------------------------------------------------------------------------------
Jagonews24,https://www.allbanglanewspaper.co/jagonews24/
Dhaka Post,https://www.allbanglanewspaper.co/dhaka-post/
Bangla News 24,https://www.banglanews24.com/
bdnews24,https://www.allbanglanewspaper.co/bdnews24/
bd24live,https://www.allbanglanewspaper.co/bd24live/
bd journal,https://www.allbanglanewspaper.co/bd-journal/
Dhaka Times 24,https://www.allbanglanewspaper.co/dhakatimes24/
gonews24,https://www.allbanglanewspaper.co/gonews24/
Bangla Tribune,https://www.banglatribune.com/?ref=allbanglanewspaper.co
Rising bd,https://www.risingbd.com/?ref=allbanglanewspaper.co
bd morning,https://www.allbanglanewspaper.co/bd-morning/
Daily Bangladesh,https://www.allbanglanewspaper.co/daily-bangladesh/
News Bangla 24,https://www.allbanglanewspaper.co/news-bangla-24/
Poriborton,https://www.allbanglanewspaper.co/poriborton/
Bangla Insider,https://www.allbanglanewspaper.co/bangla-insider/
DW Bangla,https://www.allbanglanewspaper.co/dw-bangla/
Purbo Poshchim,https://www.allbanglanewspaper.co/ppbd-news/
Voice of America Bangla,https://www.allbanglanewspaper.co/voice-of-america-bangla/
NHKWorld Bangla,https://www3.nhk.or.jp/nhkworld/bn/news/?ref=allbanglanewspaper.co
DMP news,https://www.allbanglanewspaper.co/dmp-news/
Amader Shomoy,https://www.allbanglanewspaper.co/amader-shomoy/
Barta24,https://www.allbanglanewspaper.co/barta24/
Sara Bangla,https://www.allbanglanewspaper.co/sara-bangla/
bbarta24,http://www.bbarta24.net/?ref=allbanglanewspaper.co
The Daily Campus,https://www.allbanglanewspaper.co/the-daily-campus/
Dainik Shiksha,https://www.allbanglanewspaper.co/dainik-shiksha/
Breaking News bd,https://www.allbanglanewspaper.co/breaking-news-bd/
Current News,https://www.allbanglanewspaper.co/current-news/
AB News 24,https://www.allbanglanewspaper.co/ab-news-24/
Parstoday Bangla,https://parstoday.com/bn/?ref=allbanglanewspaper.co
RTNN Bangla,https://www.bdrtnn.net/bangla/
Probashir Diganta,http://www.probashirdiganta.com/?ref=allbanglanewspaper.co
Priyo,https://www.allbanglanewspaper.co/priyo/
Somoyer Konthosor,https://www.allbanglanewspaper.co/somoyer-konthosor/
Zoom Bangla,https://www.allbanglanewspaper.co/zoom-bangla/
Roar Bangla,https://roar.media/bangla/?ref=allbanglanewspaper.co
Youth Carnival,https://www.allbanglanewspaper.co/youth-carnival/
Deshe Bideshe,https://www.allbanglanewspaper.co/deshe-bideshe/
The Report 24,https://www.allbanglanewspaper.co/the-report-24/
Bangladesh Press,https://www.allbanglanewspaper.co/bangladesh-press/
Sonali News,https://www.allbanglanewspaper.co/sonali-news/
BD Type,https://bdtype.com/
Moral News 24,https://www.allbanglanewspaper.co/moralnews24/
mtnews24,https://www.allbanglanewspaper.co/mtnews24/
Bangla Report,https://www.allbanglanewspaper.co/bangla-report/
Barta Bazar,https://www.allbanglanewspaper.co/barta-bazar/
Shiksha Barta,https://www.allbanglanewspaper.co/shiksha-barta/
Our Islam 24,https://www.allbanglanewspaper.co/our-islam-24/
Insaf 24,https://www.allbanglanewspaper.co/insaf24/
Dainik Sokal,https://www.allbanglanewspaper.co/dainik-sokal/
Newsg24,https://www.allbanglanewspaper.co/newsg24/
Campus Live 24,https://www.allbanglanewspaper.co/campus-live-24/
Banglar Khobor 24,https://www.allbanglanewspaper.co/banglar-khobor-24/
The Bengali Times,https://www.allbanglanewspaper.co/the-bengali-times/
Daily Cricket,https://www.allbanglanewspaper.co/daily-cricket/
Shersha News 24,https://www.allbanglanewspaper.co/shersha-news-24/
Dhaka Today,https://www.allbanglanewspaper.co/dhaka-today/
Shadow News,https://www.shadow.com.bd/
News 71 Online,https://www.allbanglanewspaper.co/news-71-online/
Prothom Barta,https://www.allbanglanewspaper.co/prothom-barta/
Prime News BD,https://www.allbanglanewspaper.co/prime-news/
Al Ihsan,https://www.allbanglanewspaper.co/al-ihsan/
Nirapad News,https://www.allbanglanewspaper.co/nirapad-news/
News Bangladesh,https://www.allbanglanewspaper.co/news-bangladesh/
Dhaka News 24,https://www.allbanglanewspaper.co/dhakanews24/
natunbarta,https://www.allbanglanewspaper.co/natunbarta/
One News BD,https://www.allbanglanewspaper.co/onenewsbd/
bdview24,https://www.allbanglanewspaper.co/bdview24/
bd24report,https://www.allbanglanewspaper.co/bd24report/
Times of Bangla,https://www.allbanglanewspaper.co/times-of-bangla/
Bangladesh Online 24,https://www.allbanglanewspaper.co/bangladeshonline24/
Bangla Telegraph,https://www.allbanglanewspaper.co/bangla-telegraph/
Our News BD,https://www.allbanglanewspaper.co/our-news-bd/
BD Law News,https://www.allbanglanewspaper.co/bdlawnews/
Daily ICT News,https://www.allbanglanewspaper.co/daily-ict-news/
Probashir News,https://www.allbanglanewspaper.co/probashir-news/
Hawker,https://www.allbanglanewspaper.co/hawker/
A1 News 24,https://www.allbanglanewspaper.co/a1-news-24/
BD Todays,https://www.allbanglanewspaper.co/bd-todays/
Barta Bangla,https://www.allbanglanewspaper.co/barta-bangla/
The Global News 24,https://www.allbanglanewspaper.co/the-global-news-24/
Sahos 24,https://www.allbanglanewspaper.co/sahos24/
Shamol Bangla 24,https://www.allbanglanewspaper.co/shamol-bangla-24/
Dhaka News Express,https://www.allbanglanewspaper.co/dhaka-news-express/
Bangla Songbad 24,https://www.allbanglanewspaper.co/bangla-songbad-24/
Benarnews Bengali,https://www.allbanglanewspaper.co/benarnews-bengali/
bd crictime,https://www.allbanglanewspaper.co/bd-crictime/
Swadesh Barta,https://www.allbanglanewspaper.co/swadesh-barta-au/
Fair News Service,https://www.allbanglanewspaper.co/fair-news-service/
Deshbd24,https://www.allbanglanewspaper.co/deshbd24/
Time News BD,https://www.allbanglanewspaper.co/time-news-bd/
Ambala News 24,https://www.allbanglanewspaper.co/ambala-news-24/
Alo Ava News 24,https://www.allbanglanewspaper.co/aloavanews24/
Time Watch,https://www.allbanglanewspaper.co/time-watch/
Protikhon,https://www.allbanglanewspaper.co/protikhon/
Doinik Barta,https://www.allbanglanewspaper.co/doinik-barta/
Campus2Career 24,https://www.allbanglanewspaper.co/campus2career/
United news 24,https://www.allbanglanewspaper.co/united-news-24/
Press Barta,https://www.allbanglanewspaper.co/press-barta/
Desh Darpon,https://www.allbanglanewspaper.co/desh-darpon/
Kadamati bd,https://www.allbanglanewspaper.co/kadamati/
Shobdo Pata,https://www.allbanglanewspaper.co/shobdo-pata/
Sondhan 24,https://www.allbanglanewspaper.co/sondhan24/
Provaterdut,https://www.allbanglanewspaper.co/provaterdut/
Jago Bangla,https://www.allbanglanewspaper.co/jago-bangla/
Dhaka Live,https://dhakalive24.com/
Prottashito Alo,https://prottashitoalo.com/
Medi Voice,https://medivoicebd.com/
Agami News,https://www.agaminews.com/
Last News BD,https://www.lastnewsbd.com/
Amader Protidin,https://amaderprotidin.com/
Breaking Songbad,https://breakingsongbad.com/
AMuktabazar Pratidin,https://www.muktabazarpratidin.com/
Notout,https://www.notout.com.bd/
Press 24,https://press24.news/
The Campus Today,https://thecampustoday.com/
Shangbad 24,http://shangbad24.com/
Daily Ushar Bani,http://dailyusharbani.com/
Jagroto Janata,https://jagrotojanata.com/
BD Focas 24,http://bdfocas24.com/
Janatar News 24,https://janatarnews24.com/
Bangla Mail News,https://banglamailnews.com/
Phototul,https://www.phototul.com/
News Action,https://newsactionbd.com/
Sotto Samachar,https://sottosamachar.com/
Ranar24,https://ranar24.com/
Jago Kantha,https://jagokantha.com/
BD News 247,https://bd-news247.com/
Somoy Bangladesh,https://somoybangladesh.com/
Alochito Barta,https://www.alochitobarta.com/
ndtv bd,https://ndtvbd.com/
Now A Days 24,https://www.nowadays24.com/
IDB News,https://idbnews.com/


BBC Bangla,https://www.bbc.com/bengali/?ref=allbanglanewspaper.co
BSS News,https://www.allbanglanewspaper.co/bss-news/
UNB News,https://www.allbanglanewspaper.co/unb-news/
Photo Bangla Agency,https://www.pba.agency/
Focus Bangla,https://www.focusbangla.com.bd/
Banglar Chokh,https://www.allbanglanewspaper.co/banglar-chokh/

# All Local Newspapers
---------------------------------------------------------------------------------------
Dainik Azadi,https://www.allbanglanewspaper.co/dainik-azadi/
Dainik Purbokone,https://www.allbanglanewspaper.co/dainik-purbokone/
Suprobhat Bangladesh,https://www.allbanglanewspaper.co/suprobhat/
Ctg Times,https://www.allbanglanewspaper.co/ctg-times/
Coxsbazar News,https://www.allbanglanewspaper.co/coxsbazar-news/
Dainik Coxsbazar,https://www.allbanglanewspaper.co/dainik-coxsbazar/
Teknaf News,https://www.allbanglanewspaper.co/teknaf-news/
Teknaf Today,https://www.allbanglanewspaper.co/teknaf-today/
The Daily Purbanchal,https://www.allbanglanewspaper.co/the-daily-purbanchal/
Juger Chinta 24,https://jugerchinta24.com/
News Narayanganj 24,https://newsnarayanganj24.com/
Chandpur Times,https://chandpurtimes.com/
Comillar Kagoj,https://www.allbanglanewspaper.co/comillar-kagoj/
Dainik Sylhet,https://www.allbanglanewspaper.co/dainik-sylhet/
Daily Sylheter Dinkal,https://www.allbanglanewspaper.co/daily-sylheter-dinkal/
Daily Sylhet Mirror,https://www.allbanglanewspaper.co/daily-sylhet-mirror/
SYLHETMIRROR,https://www.allbanglanewspaper.co/sylhet-mirror/
Daily Sylhet,https://www.allbanglanewspaper.co/daily-sylhet/
Sylhet View 24,https://www.allbanglanewspaper.co/sylhetview24/
Amader Barisal,https://www.allbanglanewspaper.co/amader-barisal/
Barishal Times,https://www.allbanglanewspaper.co/barishal-times/
Meherpur Pratidin,https://www.allbanglanewspaper.co/meherpur-pratidin/
Ajker Barta,https://www.allbanglanewspaper.co/ajker-barta/
Padma News 24,https://www.allbanglanewspaper.co/padma-news/
Cumillar Barta,https://www.allbanglanewspaper.co/cumillar-barta/
Daily Kaljoyi,https://www.allbanglanewspaper.co/daily-kaljoyi/
The Daily Karatoa,https://www.allbanglanewspaper.co/daily-karatoa/
Gramer Kagoj,https://www.allbanglanewspaper.co/gramer-kagoj/
Khulna News,https://www.allbanglanewspaper.co/khulna-news/
Ekusher Alo 24,https://www.allbanglanewspaper.co/ekusher-alo-24/
Dainik Satkhira,https://www.allbanglanewspaper.co/dainik-satkhira/
Satkhira News,https://www.allbanglanewspaper.co/satkhira-news/
Daily Matrikantha,https://www.allbanglanewspaper.co/daily-matrikantha/
Noakhali Times,https://www.allbanglanewspaper.co/noakhali-times/
Noakhali Pratidin,https://www.allbanglanewspaper.co/noakhali-pratidin/
Ajker Bhola,https://www.allbanglanewspaper.co/ajker-bhola/
The Daily Bholar Bani,https://www.allbanglanewspaper.co/bholar-bani/
Rajshahir Somoy,https://www.allbanglanewspaper.co/rajshahir-somoy/
Rajshahi News 24,https://www.allbanglanewspaper.co/rajshahi-news24/
Rangpur Chitra,https://www.allbanglanewspaper.co/rangpur-chitra/
Rangpur Times,https://www.allbanglanewspaper.co/rangpur-times/
Dinajpur News 24,https://www.allbanglanewspaper.co/dinajpurnews24/
Swadesh Sangbad,https://www.allbanglanewspaper.co/swadesh-sangbad/
Mymensingh Pratidin,https://www.allbanglanewspaper.co/mymensingh-pratidin/
Swadesh Barta,https://www.allbanglanewspaper.co/swadesh-barta/
Dainik Banglar Odhikar,https://www.allbanglanewspaper.co/dainik-banglar-odhikar/
Boishakhi News 24,https://www.allbanglanewspaper.co/boishakhinews24/
Dainik Juger Alo,https://www.allbanglanewspaper.co/dainik-juger-alo/
Khobar Pratidin,https://www.allbanglanewspaper.co/khobar-pratidin/
Ekushey Patrika,http://www.ekusheypatrika.com/?ref=allbanglanewspaper.co


Barishal Division Newspapers,https://www.allbanglanewspaper.co/barisal-newspapers/
Chittagong Division Newspapers,https://www.allbanglanewspaper.co/chittagong-newspapers/
Dhaka Division Newspapers,https://www.allbanglanewspaper.co/dhaka-newspapers/
Khulna Division Newspapers,https://www.allbanglanewspaper.co/khulna-newspapers/
Mymensingh Division Newspapers,https://www.allbanglanewspaper.co/mymensingh-newspapers/
Rajshahi Division Newspapers,https://www.allbanglanewspaper.co/rajshahi-newspapers/
Rangpur Division Newspapers,https://www.allbanglanewspaper.co/rangpur-newspapers/
Sylhet Division Newspapers,https://www.allbanglanewspaper.co/sylhet-newspapers/


The Daily Star,https://www.allbanglanewspaper.co/the-daily-star/
Dhaka Tribune,https://www.allbanglanewspaper.co/dhaka-tribune/
Daily Sun,https://www.allbanglanewspaper.co/daily-sun/
The Financial Express,https://www.allbanglanewspaper.co/the-financial-express/
The Independent,https://www.allbanglanewspaper.co/the-independent/
New Age,https://www.allbanglanewspaper.co/new-age/
The Daily Observer,https://www.allbanglanewspaper.co/the-daily-observer/
The Daily Asian Age,https://www.allbanglanewspaper.co/the-daily-asian-age/
The New Nation,https://www.allbanglanewspaper.co/the-new-nation/
The Business Post,https://www.allbanglanewspaper.co/the-business-post/
The Business Standard,https://www.tbsnews.net/
The Bangladesh Today,https://www.allbanglanewspaper.co/the-bangladesh-today/
News Today,https://www.allbanglanewspaper.co/news-today/
Business Insider Bangladesh,https://www.businessinsiderbd.com/
Blitz,https://www.weeklyblitz.net/
The Daily People's Time,https://www.dailypeoplestime.com/
The Bangladesh Monitor,https://www.bangladeshmonitor.net/
Our Time,https://www.ourtimebd.com/
Daily Citizen Times,https://www.thedailycitizentimes.com/
The Daily Tribunal,https://www.dailytribunal24.com/
Daily Industry,https://www.dailyindustry.news/
Bangladesh Post,http://bangladeshpost.net/
The Good Morning,https://thegoodmorning.net/
The Dhaka Post,https://www.allbanglanewspaper.co/the-dhaka-post/
Daily Morning Observer,https://dailymorningobserver.com/?ref=allbanglanewspaper.co
Energy Bangla,https://www.allbanglanewspaper.co/energy-bangla/
Holiday,https://www.allbanglanewspaper.co/holiday/
Amader Orthoneeti,https://www.allbanglanewspaper.co/amader-orthoneeti/
Share Biz,https://www.allbanglanewspaper.co/share-biz/
Arthosuchak,https://www.allbanglanewspaper.co/arthosuchak/
Pujibazar,https://www.allbanglanewspaper.co/pujibazar/
Ortho Songbad,https://www.allbanglanewspaper.co/orthosongbad/
Corporate Sangbad,https://www.allbanglanewspaper.co/corporate-sangbad/
Desh Protikhon,https://www.allbanglanewspaper.co/desh-protikhon/
ShareNews24,https://www.allbanglanewspaper.co/sharenews24/
Stock Bangladesh,https://www.allbanglanewspaper.co/stock-bangladesh/
Share Bazar News,https://www.allbanglanewspaper.co/sharebazarnews/
Daily Stock Bangladesh,https://www.allbanglanewspaper.co/daily-stockbangladesh/
Share Market BD,https://www.allbanglanewspaper.co/sharemarketbd/
Businesshour24,https://www.allbanglanewspaper.co/businesshour24/
Biniog Barta,https://www.allbanglanewspaper.co/biniog-barta/
BD Capital 24,https://www.allbanglanewspaper.co/bd-capital-24/
Sunbd24,https://www.allbanglanewspaper.co/sunbd24/
Biz Bangladesh,https://www.allbanglanewspaper.co/biz-bangladesh/
Share Business 24,https://www.allbanglanewspaper.co/share-business-24/
Share Barta 24,https://www.allbanglanewspaper.co/share-barta-24/
Bangladesh Business News,https://www.allbanglanewspaper.co/bangladesh-business-news/
Biniyoug Barta,https://www.allbanglanewspaper.co/biniyoug-barta/
Banking News Bangladesh,https://www.allbanglanewspaper.co/banking-news-bd/
Ajker Bazar,https://www.allbanglanewspaper.co/ajker-bazar/
Business News 24 BD,https://www.allbanglanewspaper.co/business-news-24/
Arthoniteer Kagoj,https://www.allbanglanewspaper.co/arthoniteer-kagoj/
Corporate News,https://www.allbanglanewspaper.co/corporate-news/
LankaBangla Financial Portal,https://www.allbanglanewspaper.co/lankabangla-financial-portal/
Stock News BD,https://stocknewsbd.com/
Somoy News,https://www.allbanglanewspaper.co/somoy-tv-news/
Rtv online,https://www.allbanglanewspaper.co/rtv-news/
NTV,https://www.ntvbd.com/?ref=allbanglanewspaper.co
Channel i Online,https://www.allbanglanewspaper.co/channel-i-news/
Channel 24 News,https://www.allbanglanewspaper.co/channel-24-News/
News 24 bd,https://www.allbanglanewspaper.co/news24/
Ekushey tv,https://www.allbanglanewspaper.co/ekushey-tv/
Jamuna tv,https://www.allbanglanewspaper.co/jamuna-tv/
Independent tv,https://www.allbanglanewspaper.co/independent-tv/
Desh tv,https://www.allbanglanewspaper.co/desh-tv/
Banglavision tv,https://www.allbanglanewspaper.co/banglavision-tv/
SAtv,https://www.allbanglanewspaper.co/satv/
Maasranga tv,https://www.allbanglanewspaper.co/maasranga-tv/
ATN TV News,https://www.allbanglanewspaper.co/atn-news/
Boishakhi TV,https://www.allbanglanewspaper.co/boishakhi-tv/
Bijoy TV,https://www.allbanglanewspaper.co/bijoy-tv/
DBC News,https://www.allbanglanewspaper.co/dbc-news/
Natun Somoy,https://www.allbanglanewspaper.co/natun-somoy/
My TV,https://www.allbanglanewspaper.co/my-tv/
Ekattor TV,https://www.allbanglanewspaper.co/ekattor-tv/
ATN Bangla,https://www.allbanglanewspaper.co/atn-bangla/
Asian TV,https://www.asiantv.com.bd/
Gtv,https://www.allbanglanewspaper.co/gtv/
BTV,http://www.btv.gov.bd/?ref=allbanglanewspaper.co
channel19 News,https://channel19.news/
kazi TV HD News,https://kazitvhd.com/
Nagor TV News,https://nagortv.com/
Sangbad Pratidin,https://www.allbanglanewspaper.co/sangbad-pratidin/
Ananda Bazar Patrika,https://www.allbanglanewspaper.co/anandabazar-patrika/
The Telegraph,https://www.allbanglanewspaper.co/telegraph-india/
Bartaman Patrika,https://www.allbanglanewspaper.co/bartaman-patrika/
aajkaal,https://www.allbanglanewspaper.co/aajkaal/
Dainik Jugasankha,https://www.allbanglanewspaper.co/dainik-jugasankha/
Ei Samay,https://www.allbanglanewspaper.co/ei-samay/
The Statesman,https://www.allbanglanewspaper.co/the-sunday-statesman/
Ebela,https://www.allbanglanewspaper.co/ebela/
Kolkata 24x7,https://www.allbanglanewspaper.co/kolkata24x7/
Zee 24 Ghanta,https://www.allbanglanewspaper.co/zee24ghanta-bengali-news/
Oneindia Bengali,https://www.allbanglanewspaper.co/oneindia-bengali/
Ganashakti,https://www.allbanglanewspaper.co/ganashakti/
Puber Kalom,https://www.allbanglanewspaper.co/puber-kalom/
Daily Desher katha,https://www.allbanglanewspaper.co/daily-desher-katha/
Ekdin,https://www.allbanglanewspaper.co/ekdin/
Uttarbanga Sambad,https://www.allbanglanewspaper.co/uttarbanga-sambad/
News18 Bengali,https://www.allbanglanewspaper.co/news18-bengali/
The Bengali Chronicle,https://www.allbanglanewspaper.co/the-bengali-chronicle/
KeyKhabor,https://www.keykhabor.com/
Bangla Hunt,https://www.allbanglanewspaper.co/banglahunt.com/?ref=allbanglanewspaper.co
Sakaler Barta,https://sakalerbarta.com/
News Bazar 24,https://newsbazar24.com/
Assam Tribune,https://www.allbanglanewspaper.co/assam-tribune/
North East Now,https://www.allbanglanewspaper.co/north-east-now/
Asomiya Pratidin,https://www.allbanglanewspaper.co/asomiya-pratidin/
Dainik Janambhumi,https://www.allbanglanewspaper.co/dainik-janambhumi/
The Sentinel Assam,https://www.allbanglanewspaper.co/sentinel-assam/
Niyomiya Barta,https://www.allbanglanewspaper.co/niyomiya-barta/
Assamiya Khabor,https://www.allbanglanewspaper.co/assamiya-khabor/
Amar Asom,https://www.allbanglanewspaper.co/amar-asom/
InsideNE,https://www.allbanglanewspaper.co/insidene/
News18 Assam,https://www.allbanglanewspaper.co/news18-assam/
Dainik Nababarta Prasanga,https://www.allbanglanewspaper.co/nababarta-prasanga/
Gana Adhikar,https://www.allbanglanewspaper.co/gana-adhikar/
Kali O Kalam,https://www.kaliokalam.com/
At Tahreek,http://at-tahreek.com/
Porospor,https://www.porospor.com/
Abasar,http://www.abasar.net/
Dhaka Courier,http://dhakacourier.com.bd/
Comjagat,http://comjagat.com/
Ananda Alo,https://www.ananda-alo.com/
Kishor Alo,https://www.prothomalo.com/kishoralo
Onno Diganta,http://www.onnoekdiganta.com/
Parabaas,https://parabaas.com/
Weekly Shaptahik,http://shaptahik.com/
Sananda,https://www.sananda.in/
Anandalok,http://anandalok.in/
Anannya,http://anannya.com.bd/
Bangladesher Khela,http://bangladesherkhela.com/
Unmad Magazine,http://www.unmadmagazine.com/
Bangla Street,http://banglastreet.org/

# other news side 

Hatpakha,https://hatpakha.com/
Akhon Samoy,http://akhonsamoy.com/
Banglamati,http://www.banglamati.net/
Canvas Magazine,https://www.canvasmagazine.com.bd/
Doshdik,https://doshdik.com/
Kishore Bangla,http://kishorebangla.com/
Nishorga,http://www.nishorga.com/
Lok Sangbad,https://www.loksangbad.com/
Career Intelligence,https://www.careerintelligencebd.com/
Priyota,https://www.priyota.xyz/
Onulikhon,https://www.onulikhon.com/
Sagorpar,https://sagorpar.com/
The New York Times,https://www.nytimes.com/
The Washington Post,https://www.washingtonpost.com/
China Daily,http://www.chinadaily.com.cn/
The Sydney Morning Herald,https://www.smh.com.au/
The Daily Telegraph,https://www.telegraph.co.uk/
The Times of India,https://timesofindia.indiatimes.com/
Dawn,https://www.dawn.com/
USA Today,https://www.usatoday.com/
The Guardian,https://www.theguardian.com/
The Wall Street Journal,https://www.wsj.com/
New York Post,https://nypost.com/
The Japan Times,https://www.japantimes.co.jp/
BBC News,https://www.bbc.com/news
CNN News,https://edition.cnn.com/
Fox News,https://www.foxnews.com/
NDTV News,https://www.ndtv.com/
ABC News,https://abcnews.go.com/
Voice of America,https://www.voanews.com/
Sky News,https://news.sky.com/
RT News,https://www.rt.com/
CCTV News,http://english.cctv.com/
DW News,https://www.dw.com/
CBS News,https://www.cbsnews.com/
Euronews,https://www.euronews.com/
MSNBC News,https://www.msnbc.com/
Al Arabiya,https://english.alarabiya.net/
NBC News,https://www.nbcnews.com/
Al Jazeera,http://aljazeera.com/
Geo News,https://www.geo.tv/
Reuters News,https://www.reuters.com/
Newsmax,https://www.newsmax.com/
NHK World,https://www3.nhk.or.jp/nhkworld/en/news/
CGTN,https://www.cgtn.com/
The Blaze,https://www.theblaze.com/
Press TV,https://www.presstv.com/
TRT World,https://www.trtworld.com/
BD Jobs,https://www.bdjobs.com/
Bikroy Jobs,https://bikroy.com/jobs
Bdjobs Today,http://bdjobstoday.com/
Careerjet,https://www.careerjet.com.bd/
Jago Jobs,https://bikroy.com/jobs
BD Jobs,http://bdjobs.com.bd/
Chakri,https://www.chakri.com/
NRB Jobs,https://www.nrbjobs.com/
Skill Jobs,https://skill.jobs/
Jobs A1,http://jobsa1.com/
job.com.bd,http://job.com.bd/
Jobs in Bangladesh,http://www.jobsinbd.com/
Chakri Khobor,https://chakrikhobor.com/
BD Jobs Mela,https://bdjobsmela.com/
Snjobs24,https://snjobs24.com/
Techtunes,https://www.techtunes.co/
Somewhere In Blog,https://www.somewhereinblog.net/
Tech Shohor,https://techshohor.com/
Bangla Tech 24,https://banglatech24.com/
Courstika,https://courstika.com/
Tuner Page,https://tunerpage.com/
PC Helpline BD,https://www.pchelplinebd.com/
Tech Zoom,https://techzoom.tv/
Tech Jano,https://www.techjano.com/
Hoicoi Bangla,https://hoicoibangla.com/
Tech For Blog,https://www.techforblog.com/
Tutorial BD,http://tutorialbd.com/
Trick Blog BD,https://trickblogbd.com/
Jana Joruri,https://janajoruri.com/
Jahan Bangla News,https://www.jahanbanglanews.xyz/
Top Ten List BD,https://www.toptenlistbd.com/
Adda Buzz,https://addabuzz.net/
Tw3press,https://tw3press.com/
Kounik Barta,https://www.kounikbarta.com/
ITmelas,https://itmelas.blogspot.com/
Bangladesh Betar,http://old.betar.gov.bd/listen-live-radio-fm/
ABC Radio FM 89.2,https://www.abcradio.fm/
Dhaka FM 90.4,http://dhakafm904.com/
Radio Foorti FM 88.0,https://www.radiofoorti.fm/
Radio Bhumi FM 92.8,http://radiobhumi.fm/
Bangla Radio FM 95.2,http://banglaradio.fm/
Jago 94.4 FM,https://www.jago.fm/
Radio Shadhin FM 92.4,https://radioshadhin.fm/
Spice FM 96.4,https://spicefmbd.com/
Radio Today FM 89.6,https://www.radiotodaybd.fm/
Capital FM 94.8,http://radiocapital.fm/
Radio Aamar FM 88.4,http://radioaamar.com/
Radio Ekattor FM 98.4,http://ekattor.fm/
Radio Dhoni FM 91.2,http://radiodhoni.fm/
Peoples Radio FM 91.6,http://peoplesradio.fm/
Radio Padma FM 99.2,http://radiopadma.fm/
Radio Next FM 93.2,https://radionext.fm/
Colours FM 101.6,http://colours.fm/
